"steam_appid";"name";"developers";"metacritic";"recommendations"
10;"Counter-Strike";"Valve";88;110599
20;"Team Fortress Classic";"Valve";0;4254
30;"Day of Defeat";"Valve";79;3011
40;"Deathmatch Classic";"Valve";0;1425
50;"Half-Life: Opposing Force";"Gearbox Software";0;10381
60;"Ricochet";"Valve";0;2852
70;"Half-Life";"Valve";96;51955
80;"Counter-Strike: Condition Zero";"Valve";65;13904
130;"Half-Life: Blue Shift";"Gearbox Software";71;7793
220;"Half-Life 2";"Valve";96;97363
240;"Counter-Strike: Source";"Valve";88;82551
280;"Half-Life: Source";"Valve";0;8244
300;"Day of Defeat: Source";"Valve";80;10605
320;"Half-Life 2: Deathmatch";"Valve";0;6386
340;"Half-Life 2: Lost Coast";"Valve";0;7157
360;"Half-Life Deathmatch: Source";"Valve";0;2427
380;"Half-Life 2: Episode One";"Valve";87;14253
400;"Portal";"Valve";90;78283
420;"Half-Life 2: Episode Two";"Valve";90;20296
440;"Team Fortress 2";"Valve";92;12610
500;"Left 4 Dead";"Valve";89;29060
550;"Left 4 Dead 2";"Valve";89;384021
570;"Dota 2";"Valve";90;14438
620;"Portal 2";"Valve";95;212539
630;"Alien Swarm";"Valve";77;324
730;"Counter-Strike: Global Offensive";"Valve', 'Hidden Path Entertainment";83;3186780
1002;"Rag Doll Kung Fu";"Mark Healey";69;0
1200;"Red Orchestra: Ostfront 41-45";"Tripwire Interactive";81;1210
1250;"Killing Floor";"Tripwire Interactive";72;35065
1300;"SiN Episodes: Emergence";"Ritual Entertainment";75;469
1300;"SiN Episodes: Emergence";"Ritual Entertainment";75;469
1313;"SiN: Gold";"Ritual Entertainment', 'Nightdive Studios";0;171
1500;"Darwinia";"Introversion Software";84;504
1510;"Uplink";"Introversion Software";75;1471
1520;"DEFCON";"Introversion Software";84;2456
1530;"Multiwinia";"Introversion Software";76;337
1600;"Dangerous Waters";"Sonalysts";82;262
1610;"Space Empires IV Deluxe";"Malfador Machinations";79;178
1630;"Disciples II: Rise of the Elves ";"Strategy First";80;836
1640;"Disciples II: Gallean's Return";"Strategy First";84;936
1670;"Iron Warriors: T - 72 Tank Command ";"Strategy First";56;233
1690;"Space Empires V";"Malfador Machinations";68;334
1700;"Arx Fatalis";"Arkane Studios";77;1259
1840;"Source Filmmaker";"Valve";0;262
1900;"Earth 2160";"Reality Pump Studios";73;590
1930;"Two Worlds Epic Edition";"Reality Pump Studios";65;2020
2100;"Dark Messiah of Might & Magic";"Arkane Studios";72;5574
2200;"Quake III Arena";"id Software";0;2211
2210;"Quake 4";"RavenSoft / id Software";81;1636
2270;"Wolfenstein 3D";"id Software";0;2317
2280;"Ultimate Doom";"id Software";0;9280
2290;"Final DOOM";"id Software";0;929
2300;"DOOM II";"id Software";83;4743
2310;"QUAKE";"id Software', 'Nightdive Studios";94;7164
2320;"QUAKE II";"id Software";0;2647
2330;"QUAKE II Mission Pack: The Reckoning";"Xatrix Entertainment";0;148
2340;"QUAKE II Mission Pack: Ground Zero";"Rogue Entertainment";0;170
2350;"QUAKE III: Team Arena";"id Software";69;180
2360;"HeXen: Beyond Heretic";"Raven Software";0;450
2370;"HeXen: Deathkings of the Dark Citadel";"Raven Software";0;124
2390;"Heretic: Shadow of the Serpent Riders";"Raven Software";0;686
2400;"The Ship: Murder Party";"Outerlight Ltd.";76;2509
2420;"The Ship: Single Player";"Outerlight Ltd.";0;379
2450;"Bloody Good Time";"Outerlight Ltd.";73;813
2500;"Shadowgrounds";"Frozenbyte";74;1054
2520;"Gumboy - Crazy Adventures™";"CINEMAX, s.r.o.";69;0
2540;"RIP - Trilogy™";"Elephant Games";0;237
2570;"Vigil: Blood Bitterness™";"Freegamer";61;110
2590;"Alpha Prime";"Black Element";59;686
2600;"Vampire: The Masquerade - Bloodlines";"Troika Games";80;8997
2610;"GUN™";"Neversoft";76;1125
2620;"Call of Duty®";"Infinity Ward";91;3007
2630;"Call of Duty® 2";"Infinity Ward";86;4649
2640;"Call of Duty: United Offensive";"Gray Matter Studios";87;1024
2700;"RollerCoaster Tycoon® 3: Platinum";"Frontier', 'Aspyr (Mac)";81;3813
2710;"Act of War: Direct Action";"Eugen Systems";82;362
2780;"ARMA: Combat Operations";"Bohemia Interactive";74;212
2800;"X2: The Threat";"Egosoft";72;293
2810;"X3: Reunion";"Egosoft";71;412
2820;"X3: Terran Conflict";"Egosoft";73;1735
2840;"X: Beyond the Frontier";"Egosoft";67;194
2850;"X: Tension";"Egosoft";0;0
2870;"X Rebirth";"Egosoft";33;5031
2910;"Fleet Command";"Sonalysts";0;281
2920;"Sub Command";"Sonalysts";84;0
2990;"FlatOut 2™";"Bugbear Entertainment";76;9402
3010;"Xpand Rally";"Techland";82;260
3020;"Call of Juarez";"Techland";72;1430
3050;"Xpand Rally Xtreme";"Techland";0;176
3130;"Men of War: Red Tide";"1C Entertainment";77;487
3170;"King's Bounty: Armored Princess";"Katauri Interactive";82;682
3230;"Genesis Rising";"Metamorf";57;116
3260;"Safecracker: The Ultimate Puzzle Adventure";"Kheops Studio";69;361
3270;"Painkiller Overdose";"Mindware Studios";65;600
3300;"Bejeweled 2 Deluxe";"PopCap Games, Inc.";0;311
3310;"Chuzzle Deluxe";"PopCap Games, Inc.";0;491
3320;"Insaniquarium Deluxe";"PopCap Games, Inc.";0;2865
3330;"Zuma Deluxe";"PopCap Games, Inc.";0;1659
3340;"AstroPop Deluxe";"PopCap Games, Inc.";0;0
3350;"Bejeweled Deluxe";"PopCap Games, Inc.";0;123
3360;"Big Money! Deluxe";"PopCap Games, Inc.";0;0
3380;"Dynomite Deluxe";"PopCap Games, Inc.";0;141
3390;"Feeding Frenzy 2 Deluxe";"PopCap Games, Inc.";0;817
3400;"Hammer Heads Deluxe";"PopCap Games, Inc.";0;0
3420;"Iggle Pop Deluxe";"PopCap Games, Inc.";0;0
3440;"Rocket Mania Deluxe";"PopCap Games, Inc.";0;0
3450;"Typer Shark! Deluxe";"PopCap Games, Inc.";0;201
3460;"Talismania Deluxe";"PopCap Games, Inc.";0;0
3480;"Peggle Deluxe";"PopCap Games, Inc.";0;2646
3483;"Peggle Extreme";"PopCap Games, Inc.";0;0
3490;"Venice Deluxe";"Retro64, Inc.";0;0
3500;"Mystery P.I.™ - The Lottery Ticket";"SpinTop Games";0;0
3510;"Amazing Adventures The Lost Tomb™";"SpinTop Games";0;0
3520;"Mystery P.I.™ - The Vegas Heist";"SpinTop Games";0;0
3530;"Amazing Adventures Around the World";"SpinTop Games";0;0
3540;"Peggle™ Nights";"PopCap Games, Inc.";76;764
3560;"Bejeweled Twist";"PopCap Games, Inc.";78;267
3570;"Mystery P.I.™ - The New York Fortune";"SpinTop Games";0;0
3580;"The Wizard's Pen™";"PopCap Games, Inc.";0;0
3590;"Plants vs. Zombies GOTY Edition";"PopCap Games, Inc.";87;57022
3600;"Escape Rosecliff Island";"SpinTop Games";0;0
3610;"Mystery P.I. - Lost in Los Angeles";"SpinTop Games";0;0
3620;"Zuma's Revenge!";"PopCap Games, Inc.";78;965
3700;"Sniper Elite";"Rebellion";76;2024
3710;"Judge Dredd: Dredd vs. Death";"Rebellion";55;770
3720;"Evil Genius";"Elixir Studios";75;2738
3730;"Aliens versus Predator Classic 2000";"Rebellion";0;1907
3800;"Advent Rising";"GlyphX Games', 'Cavetap";70;317
3810;"BloodRayne (Legacy)";"Terminal Reality";65;452
3820;"BloodRayne 2 (Legacy)";"Terminal Reality";67;355
3830;"Psychonauts";"Double Fine Productions";87;7548
3900;"Sid Meier's Civilization® IV";"Firaxis Games";94;1796
3910;"Sid Meier's Civilization® III Complete";"Firaxis Games";90;3476
3920;"Sid Meier's Pirates!";"Firaxis Games";88;3893
3960;"Shattered Union";"PopTop";67;111
3980;"CivCity: Rome";"FireFly Studios', 'Firaxis Games";67;472
3990;"Civilization IV®: Warlords";"Firaxis Games";84;221
4000;"Garry's Mod";"Facepunch Studios";0;633314
4230;"RACE - The WTCC Game";"SimBin";0;0
4300;"RoboBlitz";"Naked Sky Entertainment";80;0
4420;"Silverfall";"Monte Cristo";62;105
4460;"City Life 2008";"Monte Cristo";0;153
4470;"Silverfall: Earth Awakening";"Monte Cristo";0;0
4500;"S.T.A.L.K.E.R.: Shadow of Chernobyl";"GSC Game World";82;18724
4520;"Full Spectrum Warrior";"Pandemic Studios";80;190
4530;"Full Spectrum Warrior: Ten Hammers";"Pandemic Studios";70;145
4560;"Company of Heroes - Legacy Edition";"Relic Entertainment";93;3791
4570;"Warhammer® 40,000: Dawn of War® - Game of the Year Edition";"Relic Entertainment";86;4726
4580;"Warhammer® 40,000: Dawn of War® - Dark Crusade";"Relic Entertainment";87;4720
4700;"Total War: MEDIEVAL II – Definitive Edition";"CREATIVE ASSEMBLY', 'Feral Interactive (Mac)', 'Feral Interactive (Linux)";0;16729
4720;"Condemned: Criminal Origins";"Monolith";78;1551
4760;"Rome: Total War™ - Collection";"CREATIVE ASSEMBLY";92;10721
4770;"Rome: Total War™ - Alexander";"The Creative Assembly";79;604
4780;"Medieval II: Total War™ Kingdoms";"The Creative Assembly', 'Feral Interactive (Mac)', 'Feral Interactive (Linux)";85;543
4800;"Heroes of Annihilated Empires";"GSC Game World";65;345
4850;"Cossacks: Back to War";"GSC Game World";60;1688
4870;"Cossacks: Art of War";"GSC Game World";0;188
4880;"Cossacks: European Wars";"GSC Game World";74;310
4890;"Cossacks II: Battle for Europe";"GSC Game World";69;598
4900;"Zen of Sudoku";"Unknown Worlds Entertainment";0;0
4920;"Natural Selection 2";"Unknown Worlds Entertainment";80;7735
6000;"STAR WARS™ Republic Commando™";"LucasArts";78;10190
6010;"Indiana Jones® and the Fate of Atlantis™";"LucasArts";0;892
6020;"STAR WARS™ Jedi Knight - Jedi Academy™";"Raven Software";81;8970
6030;"STAR WARS™ Jedi Knight II - Jedi Outcast™";"Raven Software";89;3018
6040;"The Dig®";"LucasArts";0;806
6060;"Star Wars: Battlefront 2 (Classic, 2005)";"Pandemic Studios";78;39005
6080;"Thrillville®: Off the Rails™";"Frontier";70;475
6090;"Armed and Dangerous®";"Planet Moon Studios";78;184
6120;"Shank";"Klei Entertainment";67;1823
6200;"Ghost Master®";"Sick Puppies";81;1332
6210;"Vegas: Make It Big™";"Deepred";0;121
6220;"FlatOut";"Bugbear Entertainment";72;3030
6250;"Making History: The Calm & the Storm";"Muzzy Lane";70;517
6270;"Ducati World Championship";"Artematica Entertainment";35;149
6300;"Dreamfall: The Longest Journey";"Funcom";75;815
6310;"The Longest Journey";"Funcom";91;1427
6370;"Bloodline Champions";"Stunlock Studios";79;0
6400;"Joint Task Force";"Most Wanted Entertainment";68;152
6420;"Nexus - The Jupiter Incident";"Mithis Games";77;704
6510;"Lost Planet™: Extreme Condition";"CAPCOM Co., Ltd.";66;964
6550;"Devil May Cry® 3 Special Edition";"CAPCOM Co., Ltd.";66;2360
6600;"Bullet Candy";"R C Knight";0;0
6800;"Commandos: Behind Enemy Lines";"Pyro Studios";0;2421
6810;"Commandos: Beyond the Call of Duty";"Pyro Studios";0;637
6830;"Commandos 2: Men of Courage";"Pyro Studios";87;1895
6840;"Commandos 3: Destination Berlin";"Pyro Studios";72;766
6850;"Hitman 2: Silent Assassin";"Io-Interactive A/S";87;1874
6860;"Hitman: Blood Money";"Io-Interactive A/S";82;7908
6870;"Battlestations: Midway";"Eidos Interactive";76;615
6880;"Just Cause";"Avalanche Studios";75;3254
6900;"Hitman: Codename 47";"IO Interactive A/S";73;2031
6910;"Deus Ex: Game of the Year Edition";"Ion Storm";90;9271
6920;"Deus Ex: Invisible War";"Ion Storm";80;1474
6980;"Thief: Deadly Shadows";"Ion Storm";85;1728
7000;"Tomb Raider: Legend";"Crystal Dynamics";82;3116
7010;"Project: Snowblind";"Crystal Dynamics";76;422
7020;"Rogue Trooper";"Rebellion";69;325
7110;"Jade Empire™: Special Edition";"BioWare";81;1364
7200;"Trackmania United Forever";"Nadeo";80;1422
7210;"Runaway, A Road Adventure";"Pendulo Studios";74;417
7220;"Runaway, The Dream of The Turtle";"Pendulo Studios";0;203
7260;"Loki";"Cyanide Studios";61;162
7510;"X-Blades";"Gaijin Entertainment";54;953
7520;"Two Worlds II HD";"Reality Pump Studios";75;3347
7530;"Two Worlds II Castle Defense";"Reality Pump Studios";0;253
7600;"Sid Meier's Railroads!";"Firaxis Games', 'Feral Interactive (Mac)";77;1760
7610;"Railroad Tycoon 3";"PopTop";80;755
7620;"Railroad Tycoon II Platinum";"PopTop";89;881
7650;"X-COM: Terror From the Deep";"MicroProse Software, Inc";0;521
7660;"X-COM: Apocalypse";"MicroProse Software, Inc";0;612
7670;"BioShock™";"2K Boston', '2K Australia";96;20140
7730;"X-COM: Interceptor";"MicroProse Software, Inc";0;111
7760;"X-COM: UFO Defense";"MicroProse Software, Inc";0;2397
7770;"X-COM: Enforcer";"MicroProse Software, Inc";65;230
7800;"Stubbs the Zombie in Rebel Without a Pulse";"Aspyr";72;791
7830;"Men of War™";"Best Way";80;2252
7840;"Death Track®: Resurrection";"Sky Fallen";53;0
7860;"NecroVision";"The Farm 51";63;813
7940;"Call of Duty® 4: Modern Warfare®";"Infinity Ward";92;12045
8000;"Tomb Raider: Anniversary";"Crystal Dynamics";83;3941
8080;"Kane and Lynch: Dead Men™";"IO Interactive";67;2351
8100;"Conflict: Denied Ops";"Pivotal Games";58;275
8140;"Tomb Raider: Underworld";"Crystal Dynamics";80;3856
8170;"Battlestations Pacific";"Eidos Studio Hungary";74;2072
8190;"Just Cause 2";"Avalanche Studios";84;36696
8200;"Sam & Max 101: Culture Shock";"Telltale Games";0;321
8230;"Sam & Max 104: Abe Lincoln Must Die!";"Telltale Games";0;0
8260;"Sam & Max 201: Ice Station Santa";"Telltale Games";82;104
8270;"Sam & Max 202: Moai Better Blues";"Telltale Games";80;0
8290;"Sam & Max 204: Chariots of the Dogs";"Telltale Games";85;0
8310;"Bone: Out From Boneville";"Telltale Games";68;0
8320;"Bone: The Great Cow Race";"Telltale Games";76;0
8330;"Telltale Texas Hold ‘Em";"Telltale";0;0
8340;"Strong Bad's Cool Game for Attractive People: Season 1";"Telltale";82;236
8400;"Geometry Wars: Retro Evolved";"Bizarre Creations";76;732
8500;"EVE Online";"CCP";88;6818
8600;"RACE 07";"SimBin";83;994
8780;"RACE On";"SimBin";0;0
8790;"GTR 2 FIA GT Racing Game";"SimBin Studios AB";0;174
8800;"Civilization IV: Beyond the Sword";"Firaxis Games";86;2260
8850;"BioShock® 2";"2K Marin', '2K China', 'Digital Extremes', '2K Australia";88;9034
8870;"BioShock Infinite";"Irrational Games', 'Virtual Programming (Linux)";94;86758
8880;"Freedom Force";"Irrational Games";90;361
8890;"Freedom Force vs. the Third Reich";"Irrational Games";0;178
8930;"Sid Meier's Civilization® V";"Firaxis Games', 'Aspyr (Mac)', 'Aspyr (Linux)";90;109615
8980;"Borderlands Game of the Year";"Gearbox Software";81;18189
9000;"Spear of Destiny";"id Software";0;405
9010;"Return to Castle Wolfenstein";"Gray Matter Studios";88;4993
9030;"QUAKE Mission Pack 2: Dissolution of Eternity";"Rogue Entertainment";0;278
9040;"QUAKE Mission Pack 1: Scourge of Armagon";"Ritual Entertainment";0;378
9050;"DOOM 3";"id Software";87;4926
9060;"HeXen II";"Raven Software";0;328
9160;"Master Levels for Doom II";"id Software";0;513
9180;"Commander Keen";"id Software";0;1133
9200;"RAGE";"id Software";79;10211
9310;"Warhammer® 40,000: Dawn of War® – Winter Assault";"Relic Entertainment";0;1030
9340;"Company of Heroes: Opposing Fronts";"Relic Entertainment";87;572
9350;"Supreme Commander";"Gas Powered Games";86;1422
9420;"Supreme Commander: Forged Alliance";"Gas Powered Games";81;6434
9450;"Warhammer® 40,000: Dawn of War® - Soulstorm";"Relic Entertainment";0;8397
9460;"Frontlines™: Fuel of War™";"Kaos Studios";73;657
9480;"Saints Row 2";"Volition";72;8394
9500;"Gish";"Cryptic Sea', 'Edmund McMillen";80;205
9710;"Desperados 2: Cooper's Revenge";"Spellbound";66;148
9730;"Tycoon City: New York";"0";67;164
9760;"Act of War: High Treason";"Eugen Systems";74;320
9800;"Death to Spies";"Haggard Games";69;584
9850;"Codename: Panzers - Cold War";"InnoGlow', 'Stormregion', 'THQ Nordic";0;152
9880;"Champions Online";"Cryptic Studios";72;174
9900;"Star Trek Online";"Cryptic Studios";66;747
9940;"Blade Kitten";"Krome Studios";52;829
10090;"Call of Duty: World at War";"Treyarch";83;31946
10100;"King's Quest™ Collection";"Sierra";0;186
10110;"Space Quest™ Collection";"Sierra";0;211
10130;"TimeShift™";"Saber Interactive";71;822
10140;"3D Ultra™ Minigolf Adventures";"Wanako Games";0;0
10150;"Prototype™";"Radical Entertainment";79;6537
10180;"Call of Duty®: Modern Warfare® 2";"Infinity Ward";86;21530
10220;"Postal III";"Trashmasters";24;1796
10230;"Dead Mountaineer's Hotel";"Electronic Paradise";0;0
10240;"A Stroke of Fate: Operation Valkyrie";"SPLine";0;0
10260;"PT Boats: South Gambit";"studio4";0;0
10270;"Disciples III: Reincarnation";"Akella";0;935
10460;"The Club™";"Bizarre Creations";67;110
10500;"Total War: EMPIRE – Definitive Edition";"CREATIVE ASSEMBLY', 'Feral Interactive (Mac)', 'Feral Interactive (Linux)";90;13768
10680;"Aliens vs. Predator™";"Rebellion";68;10554
11020;"TrackMania Nations Forever";"Nadeo";0;179
11040;"Sherlock Holmes - Nemesis";"Frogwares";71;302
11050;"Dracula: Origin";"Frogwares";70;158
11130;"Sherlock Holmes: The Mystery of the Mummy";"Frogwares";61;0
11140;"Sherlock Holmes: The Awakened - Remastered Edition";"Frogwares";72;396
11150;"Sherlock Holmes: The Silver Earring";"Frogwares";68;336
11180;"Sherlock Holmes: The Mystery of the Persian Carpet";"Frogwares";0;242
11190;"Sherlock Holmes versus Jack the Ripper";"Frogwares";73;665
11200;"Shadowgrounds Survivor";"Frozenbyte";79;496
11230;"Gumboy Tournament";"CINEMAX, s.r.o.";0;311
11240;"Space Trader: Merchant Marine";"Meridian4";0;438
11250;"Pacific Storm";"Buka Entertainment', 'Lesta Studio";67;0
11260;"Pacific Storm Allies";"Lesta Studio";60;160
11280;"Penguins Arena: Sedna's World";"Frogames";0;668
11330;"Obulis";"IonFX";0;508
11340;"Larva Mortus";"Meridian4";64;503
11360;"Chains";"2dengine";0;393
11370;"Nikopol: Secrets of the Immortals";"0";68;230
11390;"Crash Time 2";"0";0;1066
11450;"Overlord™";"Triumph Studios', 'Virtual Programming";81;3715
11480;"Soldiers: Heroes of World War II";"Best Way";77;449
11560;"Maelstrom: The Battle for Earth Begins";"KDV Games";58;116
11590;"Hospital Tycoon";"Deep Red Limited";51;345
11610;"Dragon Nest";"Eyedentity Games Inc.";0;0
12100;"Grand Theft Auto III";"Rockstar Games";93;9127
12110;"Grand Theft Auto: Vice City";"Rockstar Games";94;19871
12120;"Grand Theft Auto: San Andreas";"Rockstar Games";93;59510
12130;"Manhunt";"Rockstar North";75;1622
12140;"Max Payne";"Remedy Entertainment";89;7372
12150;"Max Payne 2: The Fall of Max Payne";"Remedy Entertainment";86;4585
12160;"Midnight Club 2";"Rockstar San Diego";81;493
12170;"Grand Theft Auto";"Rockstar North";0;202
12180;"Grand Theft Auto 2";"Rockstar North";0;153
12200;"Bully: Scholarship Edition";"Rockstar New England";72;15188
12210;"Grand Theft Auto IV: The Complete Edition";"Rockstar North', 'Rockstar Toronto";90;76183
12220;"Grand Theft Auto: Episodes from Liberty City";"Rockstar North / Toronto";0;7682
12310;"Culpa Innata";"Momentum Digital Media Technologies";66;0
12320;"Sacred Gold";"Ascaron Entertainment ltd.";74;2702
12330;"Darkstar One";"Ascaron Entertainment ltd.";71;427
12340;"Jack Keane";"Deck13";69;0
12360;"FlatOut: Ultimate Carnage";"Bugbear Entertainment";79;3108
1620;"Jagged Alliance 2 Gold";"Strategy First";0;0
1620;"Jagged Alliance 2 Gold";"Strategy First";0;0
12390;"Exodus from the Earth ";"Parallax Arts Studio";0;113
12420;"Perimeter 2: New Earth";"KDV Games";43;0
12440;"Ankh 2: Heart of Osiris ";"Deck 13";0;0
12450;"Ankh 3: Battle of the Gods";"Deck 13";0;0
12460;"BC Kings";"Mascot Entertainment";0;167
12470;"Port Royale 2";"Ascaron Entertainment ltd.";75;430
12480;"9th Company: Roots Of Terror";"Noviy Disk', 'Lesta Studios Inc";0;147
12500;"PuzzleQuest: Challenge of the Warlords";"Infinite Interactive";84;763
12510;"Prison Tycoon 3™: Lockdown";"Gamebryo', 'Virtual Playground";0;110
12520;"18 Wheels of Steel: American Long Haul";"SCS Software";0;335
12530;"Hunting Unlimited™ 2008";"SCS Software";0;0
12540;"Mahjongg Investigations: Under Suspicion";"Zemnott";0;0
12560;"Ride! Carnival Tycoon";"Gabriel Entertainment";0;0
12570;"Hot Dish";"Zemnott";0;0
12580;"Dr. Daisy Pet Vet";"Zemnott";0;0
12590;"Sprint Cars Road to Knoxville";"BigAnt Studios";0;0
12640;"Drakensang";"Radon Labs";75;383
12690;"Hunting Unlimited 2010";"SCS Software";0;180
12710;"Overlord™: Raising Hell";"Triumph Studios', 'Virtual Programming";0;1166
12770;"Rise of the Argonauts";"Liquid Entertainment";59;295
12790;"Damnation";"Blue Omega Entertainment";41;204
12810;"Overlord II";"Triumph Studios', 'Virtual Programming";79;2854
12830;"Operation Flashpoint: Dragon Rising";"Codemasters";76;1303
12900;"AudioSurf";"Dylan Fitterer";85;8185
13140;"America's Army 3";"U.S. Army";70;0
13200;"Unreal 2: The Awakening";"Epic Games, Inc.";75;382
13210;"Unreal Tournament 3 Black";"Epic Games, Inc.";83;2159
13230;"Unreal Tournament 2004: Editor's Choice Edition";"Epic Games, Inc.";93;2762
13240;"Unreal Tournament: Game of the Year Edition";"Epic Games, Inc.";92;2754
13250;"Unreal Gold";"Epic Games, Inc.";0;1054
13500;"Prince of Persia: Warrior Within™";"Ubisoft";83;1569
13520;"Far Cry®";"Crytek Studios";89;5571
13530;"Prince of Persia: The Two Thrones™";"Ubisoft Montreal";85;988
13540;"Tom Clancy's Rainbow Six® Vegas";"Ubisoft Montreal";85;718
13560;"Tom Clancy's Splinter Cell®";"Ubisoft";91;1795
13570;"Tom Clancy's Splinter Cell Chaos Theory®";"Ubisoft Montreal";92;2927
13580;"Tom Clancy's Splinter Cell Double Agent®";"Ubisoft Montreal";80;1083
13600;"Prince of Persia®: The Sands of Time";"Kudosoft";89;1821
13620;"Tom Clancy's Ghost Recon® Desert Siege™";"Red Storm Entertainment";82;0
13630;"Tom Clancy's Ghost Recon® Island Thunder™";"Red Storm Entertainment";82;0
15000;"Tom Clancy's Rainbow Six Lockdown™";"Red Storm Entertainment";59;264
15080;"Rayman Raving Rabbids™";"Ubisoft Bulgaria', 'Ubisoft Montpellier";58;690
15100;"Assassin's Creed™: Director's Cut Edition";"Ubisoft Montreal";79;10867
15120;"Tom Clancy's Rainbow Six® Vegas 2";"Ubisoft Montreal";78;3670
15130;"Beyond Good and Evil™";"Ubisoft";83;2485
15160;"Petz® Horsez® 2";"Ubisoft";0;0
15170;"Heroes of Might & Magic V";"Nival";77;2402
15190;"Brothers in Arms: Road to Hill 30™";"Gearbox Software";87;1133
15200;"Silent Hunter®: Wolves of the Pacific";"Ubisoft Romania";79;674
15210;"Silent Hunter® III";"Ubisoft";90;1603
15240;"Silent Hunter®: Wolves of the Pacific U-Boat Missions";"Ubisoft Romania";0;202
15270;"Cold Fear™";"Darkworks";66;611
15300;"Tom Clancy's Ghost Recon®";"Red Storm Entertainment";80;890
15320;"IL-2 Sturmovik: 1946";"1C: Maddox Games";86;1814
15370;"Heroes of Might & Magic V: Tribes of the East";"Nival";70;1787
15390;"Brothers in Arms: Hell's Highway™";"Gearbox Software";79;1355
15400;"Harvest: Massive Encounter";"Oxeye Game Studio";0;107
15500;"The Wonderful End of the World";"Dejobaan Games, LLC";69;480
15520;"AaAaAA!!! - A Reckless Disregard for Gravity";"Dejobaan Games, LLC";81;599
15540;"1... 2... 3... KICK IT! (Drop That Beat Like an Ugly Baby)";"Dejobaan Games, LLC";0;455
15560;"AaaaaAAaaaAAAaaAAAAaAAAAA!!! for the Awesome";"Dejobaan Games, LLC', 'Owlchemy Labs";0;514
15620;"Warhammer 40,000: Dawn of War II";"Relic Entertainment', 'Feral Interactive (Mac/Linux)";85;4933
15700;"Oddworld: Abe's Oddysee®";"Oddworld Inhabitants";0;1754
15710;"Oddworld: Abe's Exoddus®";"Oddworld Inhabitants";0;1134
15740;"Oddworld: Munch's Oddysee";"Oddworld Inhabitants";0;753
15750;"Oddworld: Stranger's Wrath HD";"Oddworld Inhabitants";0;1102
15900;"7 Wonders II";"MumboJumbo";0;0
15930;"Luxor 3";"MumboJumbo";0;0
15960;"Little Farm";"MumboJumbo";0;0
15970;"Luxor";"MumboJumbo";0;0
16000;"Discovery! A Seek and Find Adventure";"MumboJumbo";0;0
16030;"7 Wonders: Treasures of Seven";"MumboJumbo";0;0
16040;"Luxor: Quest for the Afterlife ";"MumboJumbo";0;0
16060;"Samantha Swift and the Golden Touch";"MumboJumbo";0;0
16130;"Fish Tycoon";"Last Day of Work";0;0
16300;"Everyday Shooter";"Queasy Games";77;0
16450;"F.E.A.R. 2: Project Origin";"Monolith";79;2837
16600;"Trials 2: Second Edition";"Redlynx";0;216
16710;"Insecticide Part 1";"Crackpot Entertainment";65;337
16720;"Velvet Assassin";"Replay Studios";61;1840
16730;"Legendary";"Spark Unlimited";50;1836
16810;"Sid Meier's Civilization IV: Colonization";"Firaxis Games";83;696
16900;"GROUND BRANCH";"BlackFoot Studios";0;4164
17080;"Tribes: Ascend";"Hi-Rez Studios";86;0
17100;"Children of the Nile: Enhanced Edition";"Tilted Mill Entertainment, Inc.";75;314
17120;"Children of the Nile: Alexandria";"Tilted Mill Entertainment, Inc.";0;111
17140;"Hinterland";"Tilted Mill Entertainment, Inc.";65;164
17180;"Mosby's Confederacy";"Tilted Mill Entertainment, Inc.";0;0
17300;"Crysis";"Crytek";91;10737
17330;"Crysis Warhead®";"Crytek";84;2801
17390;"SPORE™";"Maxis™";84;35078
17410;"Mirror's Edge™";"DICE";81;24072
17430;"Need for Speed Undercover";"EA Black Box";65;6661
17440;"SPORE™ Creepy & Cute Parts Pack";"Maxis™";53;1178
17450;"Dragon Age: Origins";"BioWare";91;8365
17460;"Mass Effect (2007)";"BioWare";89;13982
17470;"Dead Space";"EA Redwood Shores";86;14747
17480;"Command & Conquer: Red Alert 3";"EA Los Angeles";82;8708
17500;"Zombie Panic! Source";"Zombie Panic! Team";0;0
17570;"Pirates, Vikings, and Knights II";"Octoshark Studios";0;0
17580;"Dystopia";"Puny Human";0;0
17710;"Nuclear Dawn";"GameConnect', 'InterWave Studios";71;1462
17740;"Empires Mod";"Empires";0;0
18000;"Precipice of Darkness, Episode One";"Hothead Games";0;309
18020;"Precipice of Darkness, Episode Two";"Hothead Games";0;117
18040;"DeathSpank";"Hothead Games";77;476
18050;"DeathSpank: Thongs of Virtue";"Hothead Games";78;115
18070;"The Baconing";"Hothead Games";63;105
18110;"Shattered Horizon";"Futuremark";72;292
18120;"Unstoppable Gorg";"Futuremark";73;181
18300;"Spectraball";"Shorebound Studios";0;400
18400;"Crazy Machines 2";"Fakt Software";72;0
18420;"Crazy Machines";"Fakt Software";78;0
18470;"Helldorado";"Spellbound";65;0
18480;"Mata Hari";"4Head Studios";63;0
18500;"Defense Grid: The Awakening";"Hidden Path Entertainment";81;3580
18700;"And Yet It Moves";"Broken Rules";75;250
18820;"Zero Gear";"Brian Cronin";0;321
19000;"Silent Hill Homecoming";"Double Helix Games";64;1050
19030;"Rocket Knight";"Climax Studios";63;0
19200;"Tank Universal";"Dialogue Design";0;321
19500;"Eternity's Child";"Luc Bernard', 'SilverSphereStudios";0;0
19800;"Brothers in Arms: Earned in Blood™";"Gearbox Software";84;566
19830;"Tom Clancy's Rainbow Six® 3 Gold";"Red Storm Entertainment', 'Ubisoft Montreal";85;1216
19900;"Far Cry® 2: Fortune's Edition";"Ubisoft Montreal";85;10156
19980;"Prince of Persia®";"Ubisoft Montreal";82;1823
20500;"Red Faction Guerrilla Steam Edition";"Volition', 'Reactor Zero', 'THQ Nordic";82;5904
20510;"S.T.A.L.K.E.R.: Clear Sky";"GSC Game World";75;9712
20530;"Red Faction";"Volition";78;1646
20540;"Company of Heroes: Tales of Valor";"Relic Entertainment";70;1259
20550;"Red Faction II";"Volition";64;719
20570;"Warhammer® 40,000: Dawn of War® II Chaos Rising";"Relic Entertainment', 'Feral Interactive (Mac/Linux)";84;1363
20700;"Starscape";"Moonpod";0;0
20710;"Mr. Robot";"Moonpod";83;0
20820;"Shatter";"Sidhe";84;528
20900;"The Witcher: Enhanced Edition Director's Cut";"CD PROJEKT RED";86;57121
20920;"The Witcher 2: Assassins of Kings Enhanced Edition";"CD PROJEKT RED";88;60452
21000;"LEGO® Batman™: The Videogame";"s Tales""]""";80;3360
21010;"Watchmen: The End is Nigh";"Deadline Games";61;373
21030;"Watchmen: The End is Nigh Part 2";"Deadline Games";44;155
21090;"F.E.A.R.";"Monolith Productions, Inc.', 'Timegate";88;7034
21100;"F.E.A.R. 3";"Day 1 Studios";74;4738
21090;"F.E.A.R.";"Monolith Productions, Inc.', 'Timegate";88;7034
21090;"F.E.A.R.";"Monolith Productions, Inc.', 'Timegate";88;7034
21130;"LEGO® Harry Potter: Years 1-4";"TT Games";79;3899
21600;"Age of Booty™";"Certain Affinity™";0;177
21640;"Flock!";"Proper Games";65;123
21660;"Street Fighter® IV";"Capcom";91;431
21670;"Bionic Commando";"Capcom";69;953
21680;"Bionic Commando: Rearmed";"Capcom";86;558
21690;"Resident Evil 5";"Capcom";86;17848
21780;"Driver® Parallel Lines";"Ubisoft Reflections";61;625
21800;"Tom Clancy's EndWar™";"Ubisoft  Shanghaï";68;559
21980;"Call of Juarez: Bound in Blood";"Techland";78;2222
22000;"World of Goo";"2D BOY";90;3372
22100;"Mount & Blade";"TaleWorlds Entertainment";72;4151
22120;"Penumbra: Black Plague Gold Edition";"Frictional Games";78;1895
22130;"Hearts of Iron 2 Complete";"Paradox Development Studio";83;392
22140;"Penumbra: Requiem";"Frictional Games";67;705
22180;"Penumbra Overture";"Frictional Games";73;2412
22200;"Zeno Clash";"ACE Team";77;1708
22230;"Rock of Ages";"ACE Team";74;2643
22300;"Fallout 3";"Bethesda Game Studios";91;13305
22310;"Rogue Warrior";"Rebellion";29;751
22320;"The Elder Scrolls III: Morrowind® Game of the Year Edition";"Bethesda Game Studios";89;13757
22330;"The Elder Scrolls IV: Oblivion® Game of the Year Edition";"Bethesda Game Studios";94;26192
22340;"Call of Cthulhu®: Dark Corners of the Earth";"Headfirst Productions";76;2205
22350;"BRINK";"Splash Damage";70;1828
22370;"Fallout 3: Game of the Year Edition";"Bethesda Game Studios";91;25459
22380;"Fallout: New Vegas";"Obsidian Entertainment";84;110585
22450;"Hunted: The Demon’s Forge™";"inXile Entertainment";61;786
22490;"Fallout: New Vegas";"0";0;0
22500;"Spectromancer";"Apus Software', 'Three Donkeys LLC";0;178
22600;"Worms Reloaded";"Team17 Digital Ltd";79;2635
22610;"Alien Breed: Impact";"Team17 Software Ltd.";64;720
22650;"Alien Breed 2: Assault";"Team17 Digital Ltd";63;279
22670;"Alien Breed 3: Descent";"Team17 Digital Ltd";64;263
23300;"Yosumin!™";"Square Enix";0;0
23310;"The Last Remnant™";"Square Enix";66;2619
23380;"Gyromancer";"Square Enix', 'PopCap Games, Inc.";71;163
23400;"Imperium Romanum Gold Edition";"Haemimont Games";63;254
23420;"Europa Universalis: Rome - Gold Edition ";"Paradox Development Studio";79;182
23450;"Grand Ages: Rome";"Haemimont Games";72;471
23460;"Ceville";"Realmforge Studios";73;119
23490;"Tropico 3";"Haemimont Games";79;687
23500;"Puzzle Quest: Galactrix";"Infinite Interactive";72;266
23530;"Earth Defense Force: Insect Armageddon";"Vicious Cycle Software, Inc.";69;755
23600;"Depths of Peril";"Soldak Entertainment";79;0
23700;"Puzzle Kingdoms";"Infinite Interactive";0;110
24010;"Train Simulator 2022";"Dovetail Games";0;14450
24200;"DC Universe™ Online";"Dimensional Ink Games";72;202
24240;"PAYDAY™ The Heist";"OVERKILL Software";76;18712
24400;"King Arthur - The Role-playing Wargame";"NeocoreGames";0;362
24410;"Crusaders: Thy Kingdom Come";"NeocoreGames";0;0
24420;"Aquaria";"Bit Blot, LLC";82;605
24460;"King Arthur: Fallen Champions";"NeocoreGames";54;0
24480;"King Arthur II: The Role-Playing Wargame";"NeocoreGames";66;264
24640;"Trainz: Classic Cabon City";"N3V Games";0;0
24650;"Trainz Settle and Carlisle";"N3V Games";0;0
24670;"Trainz™ Simulator 12";"N3V Games";0;1094
24720;"SPORE™ Galactic Adventures";"EA - Maxis";70;4426
24740;"Burnout Paradise: The Ultimate Box";"Criterion Games";87;8574
24780;"SimCity™ 4 Deluxe Edition";"EA - Maxis', 'Aspyr (Mac)";0;5680
24790;"Command & Conquer 3: Tiberium Wars";"EA Los Angeles";85;4769
24800;"Command & Conquer: Red Alert 3 - Uprising";"EA Los Angeles";64;2432
24810;"Command & Conquer 3: Kane's Wrath";"EA Los Angeles";77;2470
24840;"Medal of Honor: Airborne";"EA Los Angeles";78;3605
24870;"Need for Speed: Shift";"Slightly Mad Studios";83;2313
24960;"Battlefield: Bad Company™ 2";"DICE";87;29716
24980;"Mass Effect 2 (2010)";"BioWare";94;12935
25000;"Overgrowth";"Wolfire Games";0;4007
25010;"Lugaru HD";"Wolfire Games";0;241
25500;"Cricket Revolution";"Mindstorm Studios";0;0
25600;"Eschalon: Book I";"Basilisk Games";75;126
25620;"Eschalon: Book II";"Basilisk Games";0;0
25700;"Madballs in Babo:Invasion";"Playbrains";79;188
25800;"Europa Universalis III Complete";"Paradox Development Studio";83;1202
25808;"Europa Universalis III: Divine Wind";"Paradox Development Studio";71;0
25830;"Knights of Honor";"Black Sea Studios Ltd";77;1695
25850;"Elven Legacy";"1C:InoCo";71;0
25890;"Hearts of Iron III";"Paradox Development Studio";77;4246
25900;"King's Bounty: The Legend";"1C Entertainment";79;1903
25910;"Supreme Ruler 2020 Gold";"BattleGoat Studios";65;176
25930;"East India Company";"Nitro Games";67;126
25980;"Majesty 2";"1C:InoCo";72;695
25990;"Majesty Gold HD";"Cyberlore";0;383
26000;"The Maw";"Twisted Pixel Games";75;184
26500;"Cogs";"Lazy 8 Studios";73;262
26800;"Braid";"Number None";90;5486
26900;"Crayon Physics Deluxe";"Kloonigames";79;218
27000;"The Path";"Tale of Tales";79;627
27020;"The Graveyard";"Tale of Tales";0;321
27330;"Blacklight: Tango Down";"Zombie Studios";65;302
27400;"Dangerous High School Girls in Trouble!™";"Mousechief";81;0
27800;"Space Giraffe";"Llamasoft LTD";0;0
27810;"Gridrunner Revolution";"Llamasoft LTD";0;0
27900;"Twin Sector";"DnS Development";0;184
27920;"Booster Trooper";"DnS Development";0;150
27940;"Dead Horde";"DnS Development";0;420
28000;"Kane & Lynch 2: Dog Days";"IO Interactive";66;4714
29120;"Yumsters 2: Around the World";"KranX Productions";0;0
29130;"Musaic Box";"KranX Productions";0;114
29160;"Blueberry Garden";"Erik Svedäng";68;111
29180;"Osmos";"Hemisphere Games";80;482
29570;"Guild Wars® Trilogy";"ArenaNet®";0;0
29800;"Caster";"Elecorn";0;3429
31100;"Wallace & Gromit’s Grand Adventures";"Telltale";0;0
31170;"Tales of Monkey Island: Complete Season";"Telltale";79;446
31200;"Tales of Monkey Island Complete Pack: Chapter 4 - The Trial and Execution of Guybrush Threepwood";"Telltale";0;0
31210;"Tales of Monkey Island Complete Pack: Chapter 5 - Rise of the Pirate God";"Telltale";0;0
31220;"Sam & Max 301: The Penal Zone";"Telltale Games";0;242
31270;"Puzzle Agent";"Telltale";70;1208
31280;"Poker Night at the Inventory";"Telltale Games";71;5948
31290;"Back to the Future: The Game";"Telltale Games";74;1241
31700;"Iron Grip: Warlord";"ISOTX";59;226
31800;"Nancy Drew®: Danger by Design";"HeR Interactive";70;0
31810;"Nancy Drew®: Last Train to Blue Moon Canyon";"HeR Interactive";77;172
31820;"Nancy Drew®: The Haunted Carousel";"HeR Interactive";85;101
31830;"Nancy Drew®: Curse of Blackmoor Manor";"HeR Interactive";81;193
31840;"Nancy Drew®: Danger on Deception Island";"HeR Interactive";81;119
31850;"Nancy Drew®: Ghost Dogs of Moon Lake";"HeR Interactive";0;113
31860;"Nancy Drew®: Legend of the Crystal Skull";"HeR Interactive";79;0
31870;"Nancy Drew® Dossier: Lights, Camera, Curses!";"HeR Interactive";0;0
31880;"Nancy Drew®: Secret of the Old Clock";"HeR Interactive";80;110
31890;"Nancy Drew®: Secret of the Scarlet Hand";"HeR Interactive";0;0
31900;"Nancy Drew®: The Creature of Kapu Cave";"HeR Interactive";68;0
31910;"Nancy Drew®: The Haunting of Castle Malloy";"HeR Interactive";81;0
31920;"Nancy Drew®: The Phantom of Venice";"HeR Interactive";69;0
31930;"Nancy Drew®: The White Wolf of Icicle Creek";"HeR Interactive";73;105
31980;"Nancy Drew®: Ransom of the Seven Ships";"HeR Interactive";78;0
32110;"LUXOR: Mah Jong";"MumboJumbo";0;0
32120;"Chainz 2: Relinked";"MumboJumbo";0;0
32140;"Midnight Mysteries";"MumboJumbo";0;0
32150;"Everyday Genius: SquareLogic";"TrueThought";0;342
32160;"Zombie Bowl-o-Rama";"MumboJumbo";0;124
32310;"Indiana Jones® and the Last Crusade™";"LucasArts";0;195
32330;"LEGO® Indiana Jones™: The Original Adventures";"s Tales""]""";78;1050
32340;"LOOM™";"LucasArts";0;416
32350;"STAR WARS™ Starfighter™";"LucasArts";71;386
32360;"The Secret of Monkey Island: Special Edition";"LucasArts";86;3293
32370;"STAR WARS™ - Knights of the Old Republic™";"BioWare', 'Aspyr (Mac)";0;20616
32380;"STAR WARS™ Jedi Knight: Dark Forces II";"LucasArts";91;1293
32390;"STAR WARS™ Jedi Knight - Mysteries of the Sith™";"LucasArts";0;678
32400;"STAR WARS™ - Dark Forces";"LucasArts";0;1811
32410;"Lucidity™";"LucasArts";59;0
32420;"STAR WARS™: The Clone Wars - Republic Heroes™";"Krome Studios";46;546
32430;"STAR WARS™ - The Force Unleashed™ Ultimate Sith Edition";"LucasArts";65;4992
32440;"LEGO® Star Wars™ - The Complete Saga";"s Tales""]""";77;12191
32450;"LEGO® Indiana Jones™ 2: The Adventure Continues";"s Tales""]""";66;541
32460;"Monkey Island™ 2 Special Edition: LeChuck’s Revenge™";"LucasArts";87;1656
32470;"STAR WARS™ Empire at War - Gold Pack";"Petroglyph";0;21108
32500;"STAR WARS™: The Force Unleashed™ II";"Aspyr Studios";59;3930
32510;"LEGO® Star Wars™ III - The Clone Wars™";"s Tales""]""";76;3688
32610;"Delta Force Xtreme 2";"NovaLogic";0;127
32620;"Delta Force";"NovaLogic";0;394
32630;"Delta Force 2";"NovaLogic";0;281
32640;"Delta Force Land Warrior";"NovaLogic";74;215
32650;"Delta Force: Task Force Dagger";"NovaLogic";51;107
32660;"Delta Force: Xtreme";"NovaLogic";65;0
32670;"Delta Force: Black Hawk Down";"NovaLogic";77;464
32680;"Delta Force — Black Hawk Down: Team Sabre";"Ritual Entertainment";0;334
32720;"F-16 Multirole Fighter";"NovaLogic";0;0
32730;"F-22 Lightning 3";"NovaLogic";0;121
32750;"Comanche 4";"NovaLogic";74;187
32760;"Tachyon: The Fringe";"NovaLogic";0;159
32770;"Joint Operations: Combined Arms Gold";"NovaLogic";0;177
32800;"Lord of the Rings: War in the North";"Snowblind Studios";66;3259
33100;"Alien Shooter";"Sigma Team Inc.";0;1519
33110;"Alien Shooter: Revisited";"Sigma Team Inc.";0;291
33120;"Alien Shooter 2: Reloaded";"Sigma Team Inc.";0;1032
33130;"Zombie Shooter";"Sigma Team Inc.";0;426
33180;"Zombie Shooter 2";"Sigma Team Inc.";0;284
33210;"Dawn of Discovery™";"Blue Byte', 'Related Designs";82;387
33220;"Tom Clancy's Splinter Cell Conviction™";"Ubisoft Montreal";83;2583
33230;"Assassin's Creed 2";"Ubisoft Montreal";86;29999
33320;"Prince of Persia: The Forgotten Sands™";"Ubisoft Montreal";75;1230
33460;"From Dust";"Ubisoft Montpellier";76;2298
33520;"Tropico Reloaded";"PopTop Software', 'BreakAway Games', 'Frog City Software";0;538
33570;"Patrician III";"Ascaron Entertainment ltd.";75;560
33600;"Broken Sword 2 - the Smoking Mirror: Remastered";"Revolution Software Ltd";0;616
33610;"Broken Sword 3 - the Sleeping Dragon";"Revolution Software Ltd";82;443
33620;"Crash Time 3";"Synetic";0;408
33650;"Puzzler World";"Ideas Pad";0;297
33670;"Disciples III - Renaissance Steam Special Edition";"Akella', '.dat";56;280
33680;"eversion";"Zaratustra Productions";0;951
33730;"18 Wheels of Steel: Extreme Trucker";"0";0;107
33760;"The Search for Amelia Earhart";"Bamtang";0;0
33770;"Drakensang: The River of Time";"DTP";0;220
33900;"Arma 2";"Bohemia Interactive";77;1819
33930;"Arma 2: Operation Arrowhead";"Bohemia Interactive";73;15444
33950;"Fish Fillets 2";"Altar Games";0;0
33980;"Pound of Ground";"Centauri Production";0;114
33990;"Alternativa";"Centauri Production";63;174
34010;"Alpha Protocol™";"Obsidian Entertainment";72;3004
34030;"Total War: NAPOLEON – Definitive Edition";"CREATIVE ASSEMBLY', 'Feral Interactive (Mac)";81;10107
34190;"Sonic & SEGA All-Stars Racing";"Sumo Digital";65;1292
34270;"SEGA Mega Drive and Genesis Classics";"D3T Limited";0;4919
34272;"Comix Zone™";"SEGA";0;0
34274;"Ecco the Dolphin™";"SEGA";0;0
34275;"Gain Ground™";"SEGA";0;0
34277;"Shinobi™ III: Return of the Ninja Master";"SEGA";0;0
34278;"Sonic 3D Blast™";"SEGA";0;0
34281;"Altered Beast™";"SEGA";0;0
34282;"Shadow Dancer™";"SEGA";0;0
34286;"Dr. Robotnik’s Mean Bean Machine™";"SEGA";0;0
34311;"Kid Chameleon™";"SEGA";0;0
34312;"Ristar™";"SEGA";0;0
34317;"Columns™ III";"SEGA";0;0
34318;"Decap Attack™";"SEGA";0;0
34410;"Death to Spies: Moment of Truth";"Haggard Games";73;304
34420;"XIII Century – Gold Edition";"Unicorn Games Studio";0;0
34500;"Light of Altair";"SaintXi";66;0
34600;"Order of War™";"Wargaming.net";69;313
34800;"Chronicles of Mystery: The Scorpio Ritual";"City Interactive S.A.";62;0
34820;"Combat Wings: Battle of Britain";"City Interactive";0;424
34830;"Sniper: Ghost Warrior";"City Interactive";55;3855
34870;"Sniper: Ghost Warrior 2";"City Interactive";52;10996
34900;"Bad Rats: the Rats' Revenge";"Invent4 Entertainment";0;6879
34920;"Razor2: Hidden Skies";"Invent4 Entertainment";61;112
35000;"Mini Ninjas";"IO Interactive";74;2492
35070;"Flora's Fruit Farm";"Honeyslug";0;120
35130;"Lara Croft and the Guardian of Light";"Crystal Dynamics";82;2775
35140;"Batman: Arkham Asylum Game of the Year Edition";"Rocksteady Studios";91;23815
35300;"Warfare";"GFI Russia";0;0
35310;"Clutch";"Targem Games";51;0
35320;"Insane 2";"Targem Games";0;148
35450;"Red Orchestra 2: Heroes of Stalingrad with Rising Storm";"Tripwire Interactive";76;22142
35460;"The Ball";"Teotl Studios";68;703
35480;"Dwarfs!?";"Power of 2";0;539
35600;"Big Brain Wolf";"Frima";0;0
35700;"Trine Enchanted Edition";"Frozenbyte";80;10263
35720;"Trine 2: Complete Story";"Frozenbyte";84;13624
35800;"BRAINPIPE: A Plunge to Unhumanity";"Digital Eel";0;0
36000;"Foreign Legion: Buckets of Blood";"Sakari Games";0;235
36900;"Angle of Attack";"3000AD";0;0
36910;"All Aspect Warfare";"3000AD";0;0
37000;"The Void";"Ice-Pick Lodge";77;715
37010;"Ninja Blade";"FromSoftware";61;232
37030;"UFO: Extraterrestrials Gold";"Chaos Concept";68;154
37100;"Aztaka";"Citeremis Inc.";0;0
37210;"Chocolatier®: Decadence by Design™";"Big Splash Games, LLC";0;144
37240;"Diner Dash:® Hometown Hero™";"PlayFirst";0;155
37400;"Time Gentlemen, Please! and Ben There, Dan That! Special Edition  Double Pack";"Size Five Games";84;446
37600;"Windosill";"Vectorpark";0;606
37700;"Darkest of Days";"8monkey Labs";51;278
38210;"Roogoo";"Spidermonk Entertainment";72;231
38400;"Fallout: A Post Nuclear Role Playing Game";"Interplay Inc.";89;8133
38410;"Fallout 2: A Post Nuclear Role Playing Game";"Black Isle Studios";86;7658
38420;"Fallout Tactics: Brotherhood of Steel";"14° East";82;1410
38430;"Kingpin — Life of Crime";"Xatrix Entertainment";0;287
38440;"Sacrifice";"Shiny Entertainment";89;456
38450;"MDK";"Shiny Entertainment";0;247
38460;"MDK 2";"BioWare Corporation";83;142
38490;"Earthworm Jim 2";"Shiny Entertainment";0;0
38600;"Faerie Solitaire";"Subsoap";0;1327
38700;"Toki Tori";"Two Tribes";80;1516
38720;"RUSH";"Two Tribes";73;1060
38740;"EDGE";"Two Tribes";74;1631
39000;"Moonbase Alpha";"Virtual Heroes', 'Army Game Studio";0;181
39110;"SEASON OF MYSTERY: The Cherry Blossom Murders";"SQUARE ENIX";0;217
39120;"RIFT";"gamigo US Inc.";84;895
39140;"FINAL FANTASY VII";"Square Enix";0;17357
39150;"FINAL FANTASY VIII";"Square Enix";0;6405
39160;"Dungeon Siege III";"Obsidian Entertainment";72;1579
39190;"Dungeon Siege";"Gas Powered Games";86;2544
39200;"Dungeon Siege II";"Gas Powered Games";80;1710
39210;"FINAL FANTASY XIV Online";"Square Enix";83;41262
39500;"Gothic® 3";"Piranha Bytes";63;5499
39510;"Gothic II: Gold Edition";"Piranha Bytes";79;6191
39520;"The Guild Gold Edition";"4HEAD Studios";82;356
39530;"Painkiller: Black Edition";"People Can Fly";0;998
39540;"SpellForce - Platinum Edition";"Phenomic";74;1446
39550;"SpellForce 2 - Anniversary Edition";"Phenomic', 'THQ Nordic";80;672
39630;"AquaNox";"THQ Nordic";67;203
39640;"AquaNox 2: Revelation";"THQ Nordic";59;146
39650;"The Guild II";"4HEAD Studios";61;498
39660;"The Guild II - Pirates of the European Seas";"4HEAD Studios";63;178
39670;"Chaser";"Cauldron";66;828
39680;"The Guild II Renaissance";"Rune Forge";56;2838
39690;"ArcaniA";"Spellbound";63;1497
39800;"Nation Red";"DiezelPower";0;2058
40100;"Supreme Commander 2";"Gas Powered Games";77;6158
40300;"Risen";"Piranha Bytes";77;4690
40320;"Rush for Berlin Gold";"Stormregion";76;124
40330;"Secret Files: Tunguska";"Animation Arts";0;214
40340;"Secret Files 2: Puritas Cordis";"Animation Arts";64;114
40350;"Lost Horizon";"Animation Arts";77;303
40380;"nail'd";"Techland";69;882
40390;"Risen 2: Dark Waters";"Piranha Bytes";69;2311
40400;"AI War: Fleet Command";"Arcen Games, LLC";80;925
40420;"Tidalis";"Arcen Games, LLC";75;0
40500;"Sacraboar";"Makivision Games";0;0
40700;"Machinarium";"Amanita Design";85;7190
40720;"Samorost 2";"Amanita Design";0;1057
40800;"Super Meat Boy";"Team Meat";87;21106
40930;"The Misadventures of P.B. Winterbottom";"The Odd Gentlemen";79;356
40950;"Stronghold HD";"FireFly Studios";81;5570
40960;"Stronghold 2: Steam Edition";"FireFly Studios";0;2614
40970;"Stronghold Crusader HD";"FireFly Studios";78;9550
40980;"Stronghold Legends: Steam Edition";"FireFly Studios";0;1162
40990;"Mafia";"Illusion Softworks";88;5114
41000;"Serious Sam HD: The First Encounter";"Croteam";68;4808
41014;"Serious Sam HD: The Second Encounter";"Croteam";76;327
41050;"Serious Sam Classic: The First Encounter";"Croteam";87;1937
41060;"Serious Sam Classic: The Second Encounter";"Croteam";85;1135
41070;"Serious Sam 3: BFE";"Croteam";72;17529
41100;"Hammerfight";"Konstantin Koshutin";0;345
41300;"Altitude";"Nimbly Games";79;615
41500;"Torchlight";"Runic Games";83;3994
41600;"Earthworm Jim 3D";"VIS Interactive";0;0
41700;"S.T.A.L.K.E.R.: Call of Pripyat";"GSC Game World";80;14856
41730;"Ion Assault";"Coreplay";62;0
41740;"Cargo! The Quest for Gravity";"Ice-Pick Lodge";0;259
41800;"Gratuitous Space Battles";"Positech Games";72;452
41900;"The Bard's Tale";"inXile Entertainment";70;696
42120;"Lead and Gold: Gangs of the Wild West";"Fatshark";70;834
42140;"Hamilton's Great Adventure";"Fatshark";77;185
42170;"Krater";"Fatshark";52;566
42200;"Nancy Drew® Dossier: Resorting to Danger!";"HeR Interactive";77;0
42210;"Nancy Drew®: Secrets Can Kill REMASTERED";"HeR Interactive";0;165
42220;"Nancy Drew®: The Captive Curse";"HeR Interactive";0;115
42230;"Nancy Drew®: Trail of the Twister";"HeR Interactive";0;0
42500;"DogFighter";"Dark Water Studios Ltd";0;206
42670;"Singularity™";"Raven Software";76;3874
42700;"Call of Duty®: Black Ops";"Treyarch";81;9788
42810;"For The Glory: A Europa Universalis Game";"Crystal Empire Games";0;101
42850;"Arsenal of Democracy: A Hearts of Iron Game";"BL-Logic";0;259
42890;"Sword of the Stars: Complete Collection";"Kerberos Productions Inc.";75;427
42900;"Hearts of Iron III: Semper Fi";"Paradox Development Studio";65;0
42910;"Magicka";"Arrowhead Game Studios";74;16029
42920;"The Kings' Crusade";"NeoCoreGames";71;0
42930;"Elven Legacy: Magic";"1C:InoCo";0;0
42940;"Elven Legacy: Siege";"1C:InoCo";0;0
42950;"Elven Legacy: Ranger";"1C:InoCo";68;0
42960;"Victoria II";"Paradox Development Studio";75;10784
42980;"Victoria I Complete";"Paradox Development Studio";0;160
42990;"Sword of the Stars II: Enhanced Edition";"Kerberos Productions";65;615
43000;"Front Mission Evolved";"Double Helix Games";63;535
43100;"World of Zoo";"Blue Fang";0;133
43190;"The Haunted: Hells Reach";"KTX Software";51;467
43500;"M.U.D. TV";"Realmforge Studios";53;124
43600;"Nancy Drew®: Warnings at Waverly Academy";"HeR Interactive";76;155
44100;"Super Laser  Racer";"New Star Games Ltd";0;0
44340;"Operation Flashpoint: Red River";"Codemasters Action Studio";67;799
44350;"GRID 2";"Codemasters Racing";80;7921
44360;"F1 2011";"Codemasters Birmingham";83;539
44600;"GTR - FIA GT Racing Game";"SimBin Studios AB";0;0
44690;"GT Legends";"SimBin Studios AB";84;163
45000;"Sol Survivor";"Cadenza Interactive";75;274
45100;"Secret of the Magic Crystals";"Artery Games";0;633
45200;"Defense of the Oasis";"Mind Control Software";0;0
45300;"Wings of Prey";"Gaijin Entertainment Corporation";78;537
45400;"Fortix";"Nemesys Games";0;566
45410;"Ignite";"Nemesys Games";59;0
45450;"Fortix 2";"Nemesys Games";74;248
45700;"Devil May Cry 4";"Capcom";78;1594
45710;"Dark Void™";"Airtight Games";57;438
45720;"Lost Planet: Extreme Condition Colonies Edition";"CAPCOM CO., LTD.";70;282
45730;"Dark Void™ Zero";"Other Ocean Interactive";0;230
45740;"Dead Rising® 2";"Capcom Vancouver";78;3660
45750;"Lost Planet® 2";"CAPCOM CO., LTD.";63;1915
45760;"Ultra Street Fighter® IV";"Capcom";0;6906
45770;"Dead Rising 2: Off the Record";"Capcom Vancouver";66;1542
46000;"Bob Came in Pieces";"Ludosity";73;0
46200;"A.I.M. Racing";"SkyRiver Studios";0;0
46250;"NecroVisioN: Lost Company";"The Farm 51";0;233
46260;"Star Wolves 3: Civil War";"Elite Games Team";0;385
46270;"Star Wolves";"X-Bow Software";0;272
46280;"Star Wolves 2";"X-Bow Software";0;0
46290;"Theatre of War";"1C Entertainment";66;233
46340;"Theatre of War 2: Africa 1943";"1C Entertainment";63;152
46350;"Real Warfare 1242";"Unicorn Games Studio";0;0
46360;"Theatre of War 2: Kursk 1943";"1C Entertainment";0;137
46370;"Rig n Roll";"SoftLab-NSK";61;289
46380;"Reign: Conflict of Nations";"Lesta Studio";60;0
46400;"Greed: Black Border";"Headup Games', 'Clockstone";0;181
46410;"Avencast: Rise of the Mage";"ClockStone Studios";68;227
46440;"Future Wars";"Radon Labs";0;220
46450;"Grotesque Tactics: Evil Heroes";"Silent Dreams";65;284
46460;"Scratches - Director's Cut";"Nucleosys";0;276
46480;"Still Life";"Microids";75;621
46490;"Still Life 2";"Microids";67;348
46500;"Syberia";"Microids";82;2552
46510;"Syberia II";"Microids";80;1066
46520;"Wasteland Angel";"Octane Games', 'Meridian4";0;125
46540;"Trapped Dead";"Headup Games / Crenetic";50;459
46550;"Post Mortem";"MC2";71;234
46560;"Robin Hood: The Legend of Sherwood";"Spellbound";80;902
46570;"Grotesque Tactics 2 – Dungeons and Donuts";"Silent Dreams";0;149
46600;"Swarm Arena";"Dedication Games";0;0
46710;"Ironclads: High Seas";"Totem Games";0;0
46730;"Hazen: The Dark Whispers";"Dagger Games";0;0
46740;"World Basketball Manager 2010";"Icehole Games";0;0
46750;"Dark Fall: Lost Souls";"Darkling Room";75;177
46760;"Ironclads: Schleswig War 1864";"Totem Games";0;0
46770;"Making History II: The War of the World";"Muzzy Lane Software";38;274
46790;"Armada 2526";"Ntronium Games";66;0
46830;"Ironclads: Anglo Russian War 1866";"Totem games";0;0
46840;"Ironclads: Chincha Islands War 1866";"Totem Games";0;0
46850;"Zombie Pirates";"Dust Devil Studios Inc.";0;0
47000;"4 Elements";"Playrix Entertainment";0;541
47400;"Stronghold 3 Gold";"FireFly Studios";0;2448
47410;"Stronghold Kingdoms";"FireFly Studios";75;222
47540;"Puzzle Quest 2";"Infinite Interactive";83;316
47700;"Command & Conquer 4: Tiberian Twilight";"EA Los Angeles";64;2807
47730;"Dragon Age™: Origins Awakening";"BioWare";82;132
47780;"Dead Space™ 2";"Visceral Games";87;13933
47790;"Medal of Honor™";"Electronic Arts";72;3393
47800;"RISK™: Factions";"Stainless Games";77;893
47810;"Dragon Age: Origins - Ultimate Edition";"BioWare";91;14205
47870;"Need For Speed: Hot Pursuit";"Criterion Games";86;16878
47880;"Battlefield: Bad Company 2 Vietnam";"DICE";86;199
47890;"The Sims™ 3";"The Sims Studio";86;22573
47920;"Shift 2 Unleashed";"Slightly Mad Studios";84;2125
48000;"LIMBO";"Playdead";88;20897
48110;"Silent Hunter 5®: Battle of the Atlantic";"Ubisoft Romania";62;2022
48150;"Voodoo Dice";"Exkee";0;0
48190;"Assassin’s Creed® Brotherhood";"Ubisoft Montreal";88;12318
48220;"Might & Magic: Heroes VI";"Blackhole";77;6804
48240;"Anno 2070™";"Blue Byte', 'Related Designs";83;10014
48700;"Mount & Blade: Warband";"TaleWorlds Entertainment";78;103474
48720;"Mount & Blade: With Fire & Sword";"TaleWorlds Entertainment";68;8853
48800;"Ship Simulator Extremes";"VStep";49;1409
48900;"Saira";"Nicklas Nygren";0;0
48950;"Greed Corp";"Vanguard Games";76;327
49300;"Commander: Conquest of the Americas";"Nitro Games";68;124
49320;"Woody Two-Legs: Attack of the Zombie Pirates";"Nitro Games";0;0
49330;"Pirates of Black Cove";"Nitro Games";56;101
49470;"Magic: The Gathering - Duels of the Planeswalkers 2012";"Stainless Games Ltd";77;790
49520;"Borderlands 2";"Gearbox Software', 'Aspyr (Mac)', 'Aspyr (Linux)";89;171196
49540;"Aliens: Colonial Marines Collection";"Gearbox Software";45;5787
49600;"Beat Hazard";"Cold Beam Games";70;4812
49800;"Flight of the Icarus";"Muse Games";0;220
49810;"CreaVures";"Muse Games";55;0
49900;"Plain Sight";"Beatnik Games";76;163
50000;"Nimbus";"Noumenon Games";80;161
50130;"Mafia II (Classic)";"2K Czech";77;26822
50300;"Spec Ops: The Line";"YAGER";76;22158
50510;"Burn Zombie Burn!";"doublesix";72;107
50620;"Darksiders™";"Vigil Games";83;7351
51000;"Mystery Case Files: Return to Ravenhearst™";"Big Fish Games";0;0
55000;"Flotilla";"Blendo Games";72;167
55020;"Air Forte";"Blendo Games";0;0
55040;"Atom Zombie Smasher";"Blendo Games";75;927
55100;"Homefront";"Kaos Studios', 'Digital Extremes";70;2778
55110;"Red Faction®: Armageddon™";"Volition";75;2133
55140;"MX vs. ATV Reflex";"Double Helix Games', 'Rainbow Studios', 'THQ Nordic";0;1978
55150;"Warhammer 40,000: Space Marine - Anniversary Edition";"Relic Entertainment";74;8093
55230;"Saints Row: The Third";"Volition";84;43659
56400;"Warhammer 40,000: Dawn of War II: Retribution";"Relic Entertainment', 'Feral Interactive (Mac/Linux)";0;5695
56438;"Dawn of War II: Retribution – The Last Stand";"Relic Entertainment', 'Feral Interactive (Mac/Linux)";0;0
57000;"NyxQuest: Kindred Spirits";"Over the Top Games";0;0
57200;"Puzzle Dimension";"Doctor Entertainment AB";79;426
57300;"Amnesia: The Dark Descent";"Frictional Games";85;14870
57400;"Batman: Arkham City";"Rocksteady Studios";91;1430
57620;"Patrician IV";"Gaming Minds Studios";66;360
57640;"Broken Sword: Director's Cut";"Revolution Software Ltd";0;1525
57650;"Dungeons";"Realmforge Studios";65;530
57680;"The First Templar - Steam Special Edition";"Haemimont Games";57;451
57690;"Tropico 4";"Haemimont Games";78;7341
57740;"Jagged Alliance - Back in Action";"Coreplay GmbH', 'Bigmoon Studios";62;776
57800;"Doc Clock: The Toasted Sandwich of Time";"Stickmen Studios";62;0
57900;"Duke Nukem Forever";"Gearbox Software";54;4517
58200;"Jolly Rover";"Brawsome";71;204
58230;"MacGuffin's Curse";"Brawsome";73;0
58400;"Turba";"Binary Takeover";76;0
58520;"Blood Bowl - Legendary Edition";"Cyanide Studios";73;663
58550;"A Game of Thrones - Genesis";"Cyanide Studios";0;377
58560;"Runaway: A Twist of Fate";"Pendulo Studios";79;274
58570;"The Next BIG Thing";"Pendulo Studios";75;500
58610;"Wargame: European Escalation";"Eugen Systems";81;2170
60340;"Luxor: 5th Passage";"MumboJumbo";0;0
60350;"Glowfish";"MumboJumbo";0;0
60600;"ProtoGalaxy";"Source Studio Ltd.";0;0
60800;"Numen: Contest of Heroes";"CINEMAX, s.r.o.";0;125
61100;"Lucid";"YeaBoing";0;103
61310;"Fractal: Make Blooms Not War";"Cipher Prime Studios";0;0
61500;"Age of Wonders";"Triumph Studios";0;568
61510;"Age of Wonders II: The Wizard's Throne";"Triumph Studios";86;180
61520;"Age of Wonders Shadow Magic";"Triumph Studios";82;371
61600;"Zen Bound 2";"Secret Exit Ltd.";0;260
61700;"Might & Magic: Clash of Heroes";"Capybara Games";76;1421
61730;"Critter Crunch";"Capybara Games";0;223
62000;"Flight Control HD";"Firemint";0;432
62100;"Chime";"Zoë Mode";0;572
63000;"HOARD";"Big Sandwich Games', 'Stratecade LLC";0;457
63110;"Alter Ego";"bitComposer Games";59;125
63200;"Monday Night Combat";"Uber Entertainment";82;815
63380;"Sniper Elite V2";"Rebellion";66;5279
63500;"Swords and Soldiers HD";"Ronimo Games";0;307
63610;"Riven: The Sequel to MYST";"Cyan Worlds Inc";83;773
63650;"URU: Complete Chronicles";"Cyan Worlds Inc";0;124
63660;"Myst: Masterpiece Edition";"Cyan Worlds Inc";0;529
63700;"BIT.TRIP BEAT";"Gaijin Games";0;626
63710;"BIT.TRIP RUNNER";"Gaijin Games";0;1718
63800;"Delve Deeper";"Lunar Giant";0;335
63900;"Fantasy Wars";"Ino-Co";67;160
63910;"King's Bounty: Crossworlds";"Katauri Interactive";78;818
63940;"Men of War: Vietnam";"1C Entertainment";68;753
63950;"IL-2 Sturmovik: Cliffs of Dover";"1C: Maddox Games";60;510
63960;"Theatre of War 3: Korea";"1C Entertainment";49;124
64000;"Men of War: Assault Squad";"Digitalmindsoft";77;3160
65070;"Ride 'em Low";"Red Dot Games', 'PLAY";0;0
65080;"Kaptain Brawe: A Brawe New World";"Cateia Games";69;0
65200;"Dive to the Titanic";"TML-Studios";0;0
65270;"Demolition Company Gold Edition";"Giants Software";0;255
65300;"Dustforce DX";"Hitbox Team";79;1019
65400;"Archon Classic";"React Games";0;116
65500;"Aura: Fate of the Ages";"Streko Graphics";63;120
65530;"SpellForce 2: Faith in Destiny";"Mind Over Matter Studios";55;135
65540;"Gothic 1";"Piranha Bytes";81;6096
65560;"Painkiller Redemption";"Eggtooth Team";43;413
65600;"Gothic 3: Forsaken Gods Enhanced Edition";"Trine Studios', 'G3 Community Patch Team', 'Mad Vulture Games";0;617
65610;"ArcaniA: Fall of Setarrif";"Spellbound";0;451
65710;"Pat & Mat";"Centauri Production";0;326
65730;"Take On Helicopters";"Bohemia Interactive";70;422
65740;"Carrier Command: Gaea Mission";"Bohemia Interactive";60;671
65780;"ARMA: Gold Edition";"Bohemia Interactive";0;614
65790;"ARMA: Cold War Assault";"Bohemia Interactive";0;1677
65800;"Dungeon Defenders";"Trendy Entertainment";81;9176
65930;"The Bureau: XCOM Declassified";"2K Marin";66;4342
65980;"Sid Meier's Civilization®: Beyond Earth™";"Firaxis Games', 'Aspyr (Mac)', 'Aspyr (Linux)";81;12338
67000;"The Polynomial - Space of the music";"Dmytry Lavrov";0;430
67370;"The Darkness II";"Digital Extremes";77;5403
70000;"Dino D-Day";"800 North and Digital Ranch";53;7797
70100;"Hacker Evolution";"exosyphen studios";0;341
70110;"Hacker Evolution: Untold";"exosyphen studios";0;133
70120;"Hacker Evolution Duality";"exosyphen studios";0;200
70200;"Governor of Poker 2";"I Sioux Game Productions B.V.";0;107
70210;"Governor of Poker 2 - Premium Edition";"I Sioux Game Productions B.V.";0;134
70300;"VVVVVV";"Terry Cavanagh";81;5077
70400;"Recettear: An Item Shop's Tale";"EasyGameStation";82;5557
70420;"Chantelise - A Tale of Two Sisters";"EasyGameStation";62;568
70600;"Worms Ultimate Mayhem";"Team17 Digital Ltd";66;2834
70620;"Worms Crazy Golf";"Team17 Digital Ltd";0;276
70640;"Worms";"Team17 Digital Ltd";0;309
70650;"Worms Blast";"Team17 Digital Ltd";73;125
70660;"Worms Pinball";"Team17 Digital Ltd";0;146
70900;"Star Ruler";"Blind Mind Studios";0;224
71000;"Evochron Mercenary";"StarWraith 3D Games LLC";70;378
71110;"ESWAT™: City Under Siege";"SEGA";0;0
71111;"Flicky™";"SEGA";0;0
71113;"Sonic The Hedgehog";"SEGA";0;0
71118;"Landstalker: The Treasures of King Nole";"SEGA";0;0
71120;"Shining Force";"SEGA";0;0
71160;"Shining Force II";"SEGA";0;0
71162;"Sonic 3 & Knuckles";"SEGA";0;0
71163;"Sonic The Hedgehog 2";"SEGA";0;0
71164;"Streets of Rage";"SEGA";0;0
71165;"Streets of Rage 2";"SEGA";0;0
71167;"ToeJam & Earl in Panic on Funkotron";"SEGA";0;0
71168;"Wonder Boy III: Monster Lair";"SEGA";0;0
71230;"Crazy Taxi";"SEGA";0;1693
71240;"SEGA Bass Fishing";"SEGA";0;355
71250;"Sonic Adventure DX";"SEGA";0;7158
71260;"Space Channel 5: Part 2";"SEGA";0;1057
71340;"Sonic Generations Collection";"s Details""]""";77;12149
71390;"Virtua Tennis 4™";"SEGA";66;222
72000;"Closure";"Eyebrow Interactive";78;391
72200;"Universe Sandbox Legacy";"Giant Army";83;2212
72400;"Clones";"Tomkorp Computer Solutions Inc.";0;300
72850;"The Elder Scrolls V: Skyrim";"Bethesda Game Studios";94;177002
72900;"Winter Voices";"Clara Lehenaff";0;183
73010;"Cities in Motion";"Colossal Order Ltd.";70;620
73020;"Majesty 2 Collection";"1C:InoCo";0;875
73060;"Defenders of Ardania";"Most Wanted Entertainment";58;0
73170;"Darkest Hour: A Hearts of Iron Game";"Martin Ivanov";81;1405
73190;"Pride of Nations";"Ageod";70;0
73210;"Sengoku";"Paradox Development Studio";70;315
73220;"Supreme Ruler: Cold War";"BattleGoat Studios";63;155
78000;"Bejeweled® 3";"PopCap Games, Inc.";82;2904
80000;"APOX";"BlueGiant Interactive";48;115
80200;"Fate of the World";"Red Redemption";70;352
80300;"Puzzle Bots";"Ivy Games";0;0
80310;"Gemini Rue";"Joshua Neurnberger";82;996
80330;"The Blackwell Legacy";"Wadjet Eye Games";80;980
80340;"Blackwell Unbound";"Wadjet Eye Games";0;412
80350;"Blackwell Convergence";"Wadjet Eye Games";0;337
80360;"Blackwell Deception";"Wadjet Eye Games";73;330
90200;"Farming Simulator 2011";"Giants Software";0;516
90400;"Blue Toad Murder Files™: The Mysteries of Little Riddle";"Relentless Software";0;0
90500;"Guardians of Graxia";"0";0;139
91100;"SkyDrift";"Digital Reality";73;636
91200;"Anomaly: Warzone Earth";"11 bit studios";80;790
91330;"Iron Front: Digital War Edition";"X1 Software', 'AWAR";55;710
91600;"Sanctum";"Coffee Stain Studios";70;1823
91700;"E.Y.E: Divine Cybermancy";"Streum On Studio";0;5250
91800;"Cloning Clyde";"Bacon Wrapped Games";0;0
91810;"Ancients of Ooga";"Bacon Wrapped Games";0;0
91900;"Post Apocalyptic Mayhem";"Steel Monkeys";44;743
92000;"Hydrophobia: Prophecy";"Dark Energy Digital Ltd.";64;1818
92200;"Gundemonium Recollection";"Platine Dispositif";0;104
92210;"Hitogata Happa";"Platine Dispositif";0;125
92220;"GundeadliGne";"Platine Dispositif";0;105
92300;"A.R.E.S.: Extinction Agenda";"Extend Studio";68;556
92600;"Xotic";"WXP Games, LLC";67;0
92800;"SpaceChem";"Zachtronics";84;2181
92900;"Agricultural Simulator 2011: Extended Edition";"Actalogic";0;122
93200;"Revenge of the Titans";"Puppygames";79;576
94000;"Dinner Date";"Stout Games";0;488
94200;"Jamestown";"Final Form Games";81;607
94300;"The Dream Machine: Chapter 1 & 2";"Cockroach Inc.";75;1146
94400;"Nidhogg";"Messhof";81;5088
94500;"Back to the Future: Ep 2 - Get Tannen!";"Telltale Games";0;0
94510;"Back to the Future: Ep 3 - Citizen Brown";"Telltale Games";0;0
94520;"Back to the Future: Ep 4 - Double Visions";"Telltale Games";0;0
94530;"Back to the Future: Ep 5 - OUTATIME";"Telltale Games";0;105
94590;"Puzzle Agent 2";"Telltale";63;415
94600;"Hector: Episode 1";"Telltale";0;0
94620;"Hector: Badge of Carnage - Full Series";"Telltale";75;0
95000;"Super Splatters";"SpikySnail";73;0
95300;"Capsized";"Alientrap";80;547
95400;"ibb & obb";"Sparpweed', 'Codeglue";83;2797
95700;"The Cat and the Coup";"Peter Brinson and Kurosh ValaNejad";0;0
95900;"Air Conflicts: Secret Wars";"Games Farm', '3Division";65;223
96000;"The Tiny Bang Story";"Colibri Games";63;3151
96100;"Defy Gravity Extended";"Paul Fisch";0;6877
96200;"Steel Storm: Burning Retribution";"Kot in Action Creative Artel";55;0
96800;"Nexuiz";"IllFonic";54;182
96900;"Slam Bolt Scrappers";"Fire Hose Games";0;0
97000;"Solar 2";"Murudai";72;1319
97100;"Section 8®: Prejudice™";"TimeGate Studios";77;837
97110;"Kohan: Immortal Sovereigns";"TimeGate Studios";87;0
97120;"Kohan: Ahriman's Gift";"TimeGate Studios";79;103
97130;"Kohan II: Kings of War";"TimeGate Studios";81;170
97330;"Magic: The Gathering - Duels of the Planeswalkers 2013";"Stainless Games";77;1054
98100;"Trauma";"Krystian Majewski";62;219
98200;"Frozen Synapse";"Mode 7";85;1046
98300;"Toy Soldiers";"Signal Studios";71;1186
98400;"Hard Reset Extended Edition";"Flying Wild Hog";73;3305
98500;"Naval Warfare";"Game Distillery s.r.o.";57;171
98600;"Demolition Inc.";"Zeroscale";0;233
98800;"Dungeons of Dredmor";"Gaslamp Games, Inc.";79;3204
98900;"Alien Hallway";"Sigma Team Inc.";0;0
99100;"Dungeons and Dragons: Daggerdale";"Bedlam Games";49;220
99300;"Renegade Ops";"Avalanche Studios";76;742
99400;"Garshasp: The Monster Slayer";"Dead Mage";49;215
99410;"Garshasp: Temple of the Dragon";"Dead Mage";0;0
99700;"NightSky";"Nicalis, Inc.";78;260
99900;"Spiral Knights";"Grey Havens, LLC";64;193
99910;"Puzzle Pirates";"Grey Havens, LLC";0;0
102200;"Runespell: Overture";"Mystic Box";69;190
102400;"Vertex Dispenser";"Michael Brough";70;0
102500;"Kingdoms of Amalur: Reckoning™";"Big Huge Games', '38 Studios";81;11450
102600;"Orcs Must Die!";"Robot Entertainment";83;5091
102810;"Gatling Gears";"Vanguard Games";0;0
102840;"Shank 2";"Klei Entertainment";72;1841
102850;"Warp";"Trapdoor Inc.";0;289
104000;"iBomber Defense";"Cobra Mobile";0;131
104020;"Storm in a Teacup";"Cobra Mobile";0;0
104100;"Inside a Star-filled Sky";"Jason Rohrer";0;0
104200;"BEEP";"Big Fat Alien";0;4028
104600;"Portal 2 - The Final Hours";"Geoff Keighley";0;519
104900;"ORION: Prelude";"DANKIE";0;19578
105000;"A New Beginning - Final Cut";"Daedalic Entertainment";72;1190
105100;"Lume";"State of Play Games";69;241
105300;"Critical Mass";"Manic Game Studios";81;272
105420;"Ms. Splosion Man";"Twisted Pixel Games";0;160
105450;"Age of Empires® III (2007)";"Ensemble Studios";81;25236
105600;"Terraria";"Re-Logic";83;646568
105700;"Tobe's Vertical Adventure";"Secret Base";75;0
105800;"PixelJunk™ Eden";"Q-Games Ltd.";81;471
107100;"Bastion";"Supergiant Games";86;24891
107200;"Space Pirates and Zombies";"MinMax Games Ltd.";74;1982
107300;"Breath of Death VII";"Zeboyd Games";0;1139
107310;"Cthulhu Saves the World";"Zeboyd Games";78;2793
107410;"Arma 3";"Bohemia Interactive";74;152052
107600;"Waves";"Squid In A Box Ltd";82;938
107800;"Rochard";"Recoil Games";81;920
108110;"Starpoint Gemini";"Little Green Men Games";46;116
108200;"Ticket to Ride";"Days of Wonder";0;2447
108500;"Vessel";"Strange Loop Games";81;328
108600;"Project Zomboid";"The Indie Stone";0;36949
108710;"Alan Wake";"Remedy Entertainment";83;25263
108800;"Crysis 2 - Maximum Edition";"Crytek Studios";0;7899
109200;"Legend of Fae";"Endlessfluff Games";0;0
109500;"Fowl Space";"Pixelante Game Studios";0;125
109600;"Neverwinter";"Cryptic Studios";74;312
109700;"Achron";"Hazardous Software Inc.";54;0
110400;"inMomentum";"Digital Arrow";59;0
110500;"Data Jammers: FastForward";"Digital Eel";0;0
110600;"Astro Tripper";"PomPom";0;0
110630;"Mutant Storm: Reloaded";"PomPom Games";0;0
110800;"L.A. Noire";"Team Bondi', 'Rockstar Leeds";83;20252
111100;"Snuggle Truck";"Owlchemy Labs";0;167
111400;"Bunch of Heroes";"Nimble Giant Entertainment";0;260
111800;"Blocks That Matter";"Swing Swing Submarine";72;380
111900;"Guardians of Middle-earth";"Zombie Studios";56;391
112100;"Avadon: The Black Fortress";"Spiderweb Software";75;361
113020;"Monaco: What's Yours Is Mine";"Pocketwatch Games";83;3664
113200;"The Binding of Isaac";"Edmund McMillen and Florian Himsl";84;38590
113400;"APB Reloaded";"Reloaded Productions";0;388
113420;"Fallen Earth Free2Play";"Little Orbit";71;0
115100;"Costume Quest";"Double Fine Productions";0;2039
115110;"Stacking";"Double Fine Productions";80;804
115120;"Iron Brigade";"Double Fine Productions";75;661
115200;"Cossacks II: Napoleonic Wars";"GSC Game World";73;399
115210;"American Conquest";"GSC Game World";76;369
115220;"American Conquest: Fight Back";"GSC Game World";66;356
42680;"Call of Duty®: Modern Warfare® 3";"Infinity Ward', 'Sledgehammer Games";0;8119
115320;"Prototype 2";"Radical Entertainment";76;6568
115800;"Owlboy";"D-Pad Studio";88;2915
116100;"Super Toy Cars";"Eclipse Games";0;161
116120;"Lightfish";"Eclipse Games";0;0
200010;"Quantum Conundrum";"Airtight Games";77;1463
200020;"Global Ops: Commando Libya";"Spectral Games";37;121
200080;"Nancy Drew®: Shadow at the Water's Edge";"HeR Interactive";0;222
200130;"Puzzler World 2";"Ideas Pad";0;178
200150;"Battle Chess: Game of Kings™";"Olde Sküül', 'Sculptured Software";0;279
200170;"Worms Revolution";"Team17 Digital Ltd";73;4435
200190;"Sideway™ New York";"Playbrains', 'Fuel Entertainment";71;0
200210;"Realm of the Mad God Exalt";"Wild Shadow Studios', 'Deca Games";82;207
200230;"Off-Road Drive";"1C-Avalon";60;425
200260;"Batman: Arkham City - Game of the Year Edition";"Rocksteady Studios";91;27702
200370;"A Game of Dwarves";"Zeal Game Studio";60;331
200390;"Oil Rush";"Unigine Corp.";67;106
200410;"SOL: Exodus";"Bit Planet Games, LLC";57;0
200490;"Memento Mori";"Bohemia Interactive";66;141
200510;"XCOM: Enemy Unknown";"Firaxis Games', 'Feral Interactive (Linux)";89;32080
200550;"Dungeons - The Dark Lord";"Realmforge Studios";72;173
200670;"Disciples III - Resurrection";"Akella', '.dat";63;151
200710;"Torchlight II";"Runic Games";88;28450
200900;"Cave Story+";"Nicalis, Inc.', 'Studio Pixel";83;3782
200910;"Before the Echo";"Iridium Studios";70;979
200940;"Sonic CD";"Blit Software";0;2992
200960;"Geneforge 1";"Spiderweb Software";0;291
200980;"Geneforge 2";"Spiderweb Software";0;0
200990;"Geneforge 3";"Spiderweb Software";0;0
201000;"Geneforge 4: Rebellion";"Spiderweb Software";0;0
201010;"Geneforge 5: Overthrow";"Spiderweb Software";0;0
201070;"Revelations 2012";"Dark Artz Entertainment";0;116
201210;"Pox Nora";"Desert Owl Games LLC";0;0
201230;"EverQuest II";"Darkpaw Games";83;0
34330;"Total War: SHOGUN 2";"CREATIVE ASSEMBLY', 'Feral Interactive (Mac)', 'Feral Interactive (Linux)";90;24844
201290;"Sins of a Solar Empire: Trinity®";"Ironclad Games', 'Stardock Entertainment";87;588
201420;"Toki Tori 2+";"Two Tribes";0;577
201490;"Airline Tycoon 2";"b-Alive";57;340
201510;"Flatout 3: Chaos & Destruction";"Team 6 Studios";23;2418
201570;"Really Big Sky";"Boss Baddie";0;205
201790;"Orcs Must Die! 2";"Robot Entertainment";83;11293
201810;"Wolfenstein: The New Order";"MachineGames";81;31094
201830;"Jurassic Park: The Game";"Telltale Games";54;1096
201870;"Assassin's Creed® Revelations";"Ubisoft Montreal";80;9974
202070;"Choplifter HD";"inXile Entertainment";65;185
202130;"Impire";"Cyanide Montreal";45;316
202170;"Sleeping Dogs";"United Front Games";80;9766
202200;"Galactic Civilizations® II: Ultimate Edition";"Stardock Entertainment";92;821
202310;"Ridge Racer™ Unbounded";"BUGBEAR";72;634
202370;"Scary Girl";"TikGames";0;0
202410;"Scoregasm";"RC Knight";0;0
202530;"Sonic the Hedgehog 4 - Episode I";"SEGA";0;1412
202670;"Nancy Drew®: Alibi in Ashes";"HeR Interactive";0;147
202710;"Demigod";"Gas Powered Games";76;769
202730;"Dynamite Jack";"Hassey Enterprises, Inc.";0;128
202750;"Alan Wake's American Nightmare";"Remedy Entertainment";73;4661
202860;"Real Warfare 2: Northern Crusades";"Unicorn Games Studio";0;0
202970;"Call of Duty®: Black Ops II";"Treyarch";74;12289
203140;"Hitman: Absolution™";"Io-Interactive A/S";79;25383
203160;"Tomb Raider";"Crystal Dynamics', 'Eidos-Montréal', 'Feral Interactive (Mac)', 'Feral Interactive (Linux)', 'Nixxes";86;121299
203210;"Titan Attacks!";"Puppygames";0;616
203290;"America's Army: Proving Grounds";"U.S. Army";0;140
203350;"King's Bounty: Warriors of the North";"1C-SoftClub";74;793
203510;"Fortune Summoners";"Lizsoft";0;689
203560;"Containment: The Zombie Puzzler";"Bootsnake Games";0;116
203630;"Warlock - Master of the Arcane";"Ino-Co Plus";71;828
203650;"Sonic the Hedgehog 4 - Episode II";"SEGA";54;958
203680;"F1 RACE STARS™";"Codemasters";62;891
203750;"Binary Domain";"s Details""]""";68;2291
203770;"Crusader Kings II";"Paradox Development Studio";82;30024
203810;"Dear Esther";"The Chinese Room', 'Robert Briscoe";75;3932
203830;"The Dark Eye: Chains of Satinav";"Daedalic Entertainment";75;1563
203990;"SATAZIUS";"ASTRO PORT";0;146
204030;"Fable - The Lost Chapters";"Lionhead Studios";83;5760
204060;"Superbrothers: Sword & Sworcery EP";"Capybara', 'Superbrothers', 'Jim Guthrie";83;1253
204100;"Max Payne 3";"Rockstar Studios";87;31487
204120;"LEGO® Harry Potter: Years 5-7";"s Tales""]""";80;1334
204180;"Waveform";"Eden Industries";81;1887
204220;"Snapshot";"Retro Affect";74;0
204240;"The Bridge";"Ty Taylor and Mario Castañeda', 'The Quantum Astrophysicists Guild";74;2972
204300;"Awesomenauts - the 2D moba";"Ronimo Games";78;11848
204340;"Serious Sam 2";"Croteam";74;7605
204360;"Castle Crashers®";"The Behemoth";0;62060
204390;"Pineapple Smash Crew ";"RichMakeGame";62;0
204440;"Pickers";"MumboJumbo";0;0
204450;"Call of Juarez: Gunslinger";"Techland";79;12282
204530;"Infested Planet";"Rocket Bear Games";75;2092
204560;"Confrontation";"Cyanide Studio";51;0
204630;"Retro City Rampage™ DX";"Vblank Entertainment, Inc.";0;1586
204760;"Deep Black: Reloaded";"Biart";39;186
204860;"Men of War: Condemned Heroes";"1C-SoftClub";57;336
204880;"Sins of a Solar Empire®: Rebellion";"Ironclad Games', 'Stardock Entertainment";82;8446
204940;"Crusader Kings Complete";"Paradox Development Studio";73;138
204960;"Magical Drop V";"Golgoth Studio";0;368
205020;"Lumino City";"State of Play Games";70;464
205060;"BIT.TRIP CORE";"Gaijin Games";0;122
205070;"BIT.TRIP VOID";"Gaijin Games";0;0
205080;"BIT.TRIP FATE";"Gaijin Games";74;101
205090;"BIT.TRIP FLUX";"Gaijin Games";0;140
205100;"Dishonored";"Arkane Studios";91;47000
205190;"Rocksmith™";"Ubisoft - San Francisco";78;531
205230;"Hell Yeah! Wrath of the Dead Rabbit";"Arkedo";64;488
205270;"3DMark 11";"UL";0;0
205530;"Gratuitous Tank Battles";"Positech Games";69;0
205550;"Foreign Legion: Multi Massacre";"Sakari Games";0;175
205610;"Port Royale 3";"Gaming Minds Studios";0;898
205650;"The Testament of Sherlock Holmes";"Frogwares";73;2201
205690;"1000 Amps";"Brandon Brizzi";0;118
205710;"EverQuest";"Darkpaw Games";0;0
205730;"Insanely Twisted Shadow Planet";"Shadow Planet Productions";76;435
205810;"Jagged Alliance: Crossfire";"Coreplay GmbH";63;143
205830;"Luxor Evolved";"MumboJumbo";0;119
205840;"Yesterday";"Pendulo Studios";65;611
205870;"Auditorium";"Cipher Prime Studios";0;114
205910;"Tiny and Big: Grandpa's Leftovers";"Black Pants Studio";75;2645
205950;"Jet Set Radio";"Blit Software";0;3352
205990;"Warlock 2: The Exiled";"Ino-Co Plus";73;825
206020;"Avernum 4";"Spiderweb Software";0;0
206040;"Avernum 5";"Spiderweb Software";0;0
206060;"Avernum 6";"Spiderweb Software";0;0
206190;"Gunpoint";"Suspicious Developments";83;8986
206210;"Gotham City Impostors Free to Play";"Monolith Productions, Inc.";0;414
206250;"Cladun X2";"System Prisma";0;103
206370;"Tales From Space: Mutant Blobs Attack";"DrinkBox Studios";83;351
206410;"Crazy Machines Elements";"Fakt Software";0;0
206420;"Saints Row IV";"Deep Silver Volition";86;52338
206440;"To the Moon";"Freebird Games";81;41686
206480;"Dungeons & Dragons Online®";"Standing Stone Games, LLC";0;0
206500;"AirMech Strike";"Carbon Games";0;0
206610;"3SwitcheD";"Reality Pump";0;126
206690;"iBomber Defense Pacific";"Cobra Mobile";0;134
206760;"Painkiller: Recurring Evil";"Med-Art";38;207
207000;"Alien Spidy";"Enigma SP";0;0
207020;"Bang Bang Racing";"Digital Reality Software & Playbox";0;263
207040;"Sine Mora";"Digital Reality";77;504
207080;"Indie Game: The Movie";"BlinkWorks Media";0;937
207140;"SpeedRunners";"DoubleDutch Games";84;18990
207150;"Stellar Impact";"Tindalos Interactive";74;465
207170;"Legend of Grimrock";"Almost Human Games";82;3841
207190;"Fireburst";"exDream";59;110
207230;"ArcheBlade™";"CodeBrush Games";0;0
207250;"Cubemen";"3 Sprockets";74;329
207320;"Ys: The Oath in Felghana";"Nihon Falcom";73;1237
207350;"Ys Origin";"Nihon Falcom";76;2161
207370;"eXceed - Gun Bullet Children";"Flat Software";0;314
207380;"eXceed 2nd - Vampire REX";"Tennen-sozai";0;158
207400;"eXceed 3rd - Jade Penetrate Black Package";"Tennen-sozai";0;416
207420;"Wizorb";"Tribute Games Inc.";81;461
207430;"Hack, Slash, Loot";"David Williamson";0;278
207490;"Rayman® Origins";"UBIart Montpellier";86;2449
207530;"Noitu Love 2: Devolution";"Joakim Sandberg";80;479
207570;"English Country Tune";"increpare games";0;138
207610;"The Walking Dead";"Telltale Games";82;32769
207650;"A Virus Named TOM";"Misfits Attic";65;0
207670;"AVSEQ";"Big Robot Ltd";0;0
207690;"Botanicula";"Amanita Design";82;3235
207710;"Bumbledore";"Nimbly Games";0;0
207730;"Arena Wars 2";"ExDream GmbH";0;328
207750;"Symphony";"Empty Clip Studios";75;790
207790;"Jane's Advanced Strike Fighters";"Trickstar Games";0;322
207930;"Sacred Citadel";"Southend";61;520
208090;"Loadout";"Edge of Reality";72;1194
208110;"Myst V: End of Ages";"Cyan Worlds Inc";80;151
208140;"ENDLESS™ Space - Definitive Edition";"AMPLITUDE Studios";77;6277
208200;"Doom 3: BFG Edition";"id Software";0;5220
208400;"Avernum: Escape From the Pit";"Spiderweb Software";76;887
208480;"Assassin’s Creed® III";"Ubisoft Montreal";80;11727
208500;"F1 2012™";"Codemasters";80;2075
208520;"Omerta - City of Gangsters";"Haemimont Games";0;1414
208580;"STAR WARS™ Knights of the Old Republic™ II - The Sith Lords™";"Obsidian Entertainment', 'Aspyr (Mac, Linux, & Windows Update)";85;15771
208600;"Lunar Flight";"Shovsoft";0;472
208620;"Midnight Mysteries: Salem Witch Trials";"MumboJumbo";0;0
208630;"Midnight Mysteries 3: Devil on the Mississippi";"MumboJumbo";0;0
208640;"Midnight Mysteries 4: Haunted Houdini";"MumboJumbo";0;0
208650;"Batman™: Arkham Knight";"Rocksteady Studios";0;44341
208670;"Blades of Time";"Gaijin Entertainment Corporation";63;528
